S.No,RegNo,Name,PhoneNumber,District,Complaint
1,JSD/2024/018452,Ramesh Kumar,9876543210,Gurugram,"Mr. Ramesh Kumar has not received his old age pension for the last three months. His application 234567891023 was submitted at the Sector 14 block office in Gurugram but no action has been taken despite repeated visits."
2,JSD/2024/018453,Sunita Devi,9812345678,Hisar,"Sunita Devi from Model Town Road reports that the hand pump near her house has been non-functional for two weeks, causing severe water shortage; she can be reached at 9812345678 for verification."
3,JSD/2024/018454,Vikram Singh,9988776655,Karnal,"Vikram Singh complains that streetlights on Nehru Colony Road have not been working for over a month, leading to safety concerns at night, and has asked to be updated at vikram.singh1978@gmail.com."
4,JSD/2024/018455,Anita Sharma,9765432109,Panipat,"Mrs. Anita Sharma states that her ration card application, linked to 456789120134, submitted at the Panipat block office has been pending for four months without any update."
5,JSD/2024/018456,Suresh Yadav,9654321098,Rohtak,"Suresh Yadav reported an open drainage line near 45, Subhash Nagar that is overflowing and has sought compensation for the resulting property damage, citing document ABCPY1234D as proof of ownership."
6,JSD/2024/018457,Kavita Rani,9543210987,Ambala,"Kavita Rani has raised a complaint about frequent power cuts in the Ambala Cantt area lasting more than six hours daily, affecting small businesses; she may be contacted on 9543210987."
7,JSD/2024/018458,Mahender Singh,9432109876,Sonipat,"Dr. Mahender Singh has requested urgent repair of the collapsed culvert on the Kundli-Sonipat road that is blocking access to the local market, and asked to be kept posted at mahender.singh.sonipat@yahoo.com."
8,JSD/2024/018459,Pooja Malik,9321098765,Panchkula,"Pooja Malik complains that garbage has not been collected from Sector 20 for over ten days, resulting in unhygienic conditions; her ID 678912345670 was noted for the follow-up visit."
9,JSD/2024/018460,Rajesh Chaudhary,9210987654,Yamunanagar,"Rajesh Chaudhary reports illegal encroachment on the public park land near 22, Model Colony and requests immediate departmental action, referencing his property filing DEFGH5678K."
10,JSD/2024/018461,Meena Kumari,9109876543,Faridabad,"Meena Kumari has complained that the community toilet block in Sector 55 has been non-functional for three weeks due to a broken water connection, and can be reached at 9109876543 or meena.kumari88@outlook.com."
